House_ID,Area_m2,Bedrooms,Bathrooms,House_Age_Years,Distance_to_City_km,Parking_Spaces,Neighborhood,House_Price_Million_RWF
1001,144.6,2.0,2.0,15.0,27.4,0.0,Kigali City,104.8
1002,101.9,4.0,4.0,15.5,5.97,1.0,Huye,137.0
1003,157.1,3.0,2.0,8.9,2.42,1.0,Nyarugenge,171.6
1004,254.2,3.0,2.0,15.5,6.68,1.0,Musanze,197.2
1005,96.7,3.0,2.0,9.5,12.34,2.0,Gasabo,121.8
1007,262.2,2.0,2.0,2.9,0.3,1.0,Musanze,198.7
1008,105.7,4.0,3.0,2.2,2.51,1.0,Huye,177.1
1009,85.0,3.0,2.0,4.3,0.56,0.0,Nyarugenge,112.2
1010,148.2,2.0,2.0,0.4,2.04,1.0,Huye,176.0
1011,85.3,1.0,1.0,8.7,0.93,2.0,Gasabo,99.8
1012,85.1,3.0,3.0,3.7,5.2,1.0,Musanze,141.7
1013,125.7,4.0,4.0,9.6,2.46,0.0,Musanze,175.5
1014,38.4,1.0,1.0,4.4,1.3,1.0,Musanze,96.4
1015,42.6,3.0,3.0,10.3,1.55,0.0,Gasabo,112.6
1016,80.7,2.0,2.0,3.7,2.23,2.0,Gasabo,114.7
1017,63.0,4.0,4.0,2.7,1.51,0.0,Huye,108.0
1018,130.8,2.0,2.0,6.2,3.02,1.0,Kicukiro,98.0
1020,50.6,3.0,3.0,3.9,1.64,1.0,Nyarugenge,146.1
1021,246.3,5.0,5.0,24.8,2.65,2.0,Kigali City,279.8
1022,97.2,2.0,2.0,0.4,4.62,1.0,Musanze,93.3
1023,114.2,3.0,3.0,4.9,1.58,2.0,Kicukiro,185.2
1024,50.2,2.0,1.0,30.9,0.71,1.0,Kigali City,81.1
1025,81.5,5.0,5.0,7.1,0.4,2.0,Kicukiro,170.8
1026,116.9,5.0,4.0,5.0,14.11,0.0,Huye,140.4
1027,58.4,2.0,2.0,7.6,2.69,0.0,Gasabo,107.4
1028,135.2,4.0,4.0,7.7,4.35,0.0,Musanze,143.4
1029,79.1,4.0,4.0,11.8,12.58,2.0,Huye,127.9
1030,93.7,3.0,3.0,1.2,0.43,2.0,Kigali City,177.7
1031,79.0,3.0,2.0,2.6,10.46,2.0,Kigali City,155.7
1032,304.7,2.0,2.0,6.85,4.01,0.0,Kigali City,249.1
1033,109.2,2.0,2.0,18.2,0.9,2.0,Kigali City,122.6
1035,172.9,5.0,4.0,2.5,7.52,1.0,Kicukiro,196.7
1036,56.2,3.0,2.0,10.3,3.27,0.0,Huye,77.7
1037,123.4,3.0,2.0,12.1,21.09,2.0,Musanze,89.9
1038,37.4,3.0,3.0,2.4,2.36,1.0,Gasabo,88.2
1039,53.0,4.0,4.0,4.3,6.92,1.0,Gasabo,130.5
1040,122.6,5.0,5.0,6.9,3.27,2.0,Huye,213.4
1041,165.1,5.0,5.0,6.2,8.84,0.0,Huye,236.2
1042,120.9,4.0,3.0,4.4,4.21,1.0,Gasabo,165.5
1043,103.2,4.0,4.0,3.2,0.33,1.0,Gasabo,200.5
1044,93.2,2.0,1.0,0.9,0.19,1.0,Kicukiro,122.2
1045,48.8,2.0,1.0,0.5,0.72,1.0,Nyarugenge,79.5
1046,74.0,5.0,5.0,28.6,0.07,1.0,Musanze,166.2
1047,85.4,3.0,2.0,16.9,0.39,1.0,Kigali City,146.7
1049,132.9,2.0,2.0,28.3,3.82,1.0,Huye,91.8
1050,41.7,4.0,4.0,10.2,6.93,2.0,Gasabo,185.6
1051,131.5,1.0,1.0,5.9,12.22,1.0,Nyarugenge,146.8
1052,89.0,2.0,2.0,6.1,4.4,1.0,Musanze,112.4
1053,75.8,3.0,2.0,0.8,6.48,1.0,Huye,109.1
1054,154.0,4.0,3.0,0.9,7.08,1.0,Kigali City,185.4
1055,193.9,4.0,4.0,8.3,2.37,1.0,Kigali City,232.5
1056,183.6,2.0,2.0,7.3,1.38,2.0,Musanze,171.1
1057,69.3,4.0,4.0,2.2,1.15,1.0,Musanze,157.8
1058,92.8,2.0,2.0,26.3,1.45,1.0,Gasabo,113.7
1059,132.0,3.0,3.0,13.7,1.61,1.0,Kigali City,200.6
1060,188.1,4.0,4.0,1.1,1.16,1.0,Huye,213.8
1061,84.5,4.0,3.0,24.1,10.53,3.0,Nyarugenge,138.0
1062,99.3,4.0,4.0,32.9,7.07,0.0,Huye,143.3
1063,59.9,4.0,4.0,49.5,0.24,1.0,Kicukiro,92.7
1064,57.0,3.0,3.0,0.5,1.56,1.0,Huye,139.3
1065,172.0,2.0,2.0,12.0,0.11,1.0,Musanze,162.5
1066,231.9,3.0,3.0,7.1,3.45,2.0,Gasabo,204.0
1067,105.7,2.0,2.0,11.0,3.23,0.0,Kicukiro,94.9
1068,191.0,2.0,2.0,31.2,8.9,2.0,Kigali City,186.4
1069,134.2,6.0,5.0,10.5,1.84,0.0,Huye,217.5
1070,77.1,3.0,2.0,16.3,8.47,2.0,Huye,108.9
1071,134.2,5.0,4.0,18.1,17.21,0.0,Musanze,182.1
1072,256.3,3.0,3.0,16.4,0.46,0.0,Nyarugenge,241.6
1074,260.1,3.0,3.0,2.3,4.46,3.0,Nyarugenge,261.0
1075,26.0,3.0,2.0,4.5,3.27,2.0,Musanze,93.3
1076,172.9,3.0,2.0,20.0,2.73,1.0,Musanze,145.1
1077,115.4,2.0,2.0,1.4,7.68,2.0,Musanze,118.8
1078,93.3,4.0,3.0,6.5,5.1,0.0,Nyarugenge,150.0
1079,115.7,2.0,2.0,2.4,8.17,3.0,Nyarugenge,172.8
1081,97.5,4.0,4.0,17.9,4.8,2.0,Kicukiro,167.4
1082,133.9,2.0,2.0,19.1,19.68,2.0,Gasabo,134.5
1083,248.0,5.0,5.0,2.4,4.68,2.0,Gasabo,286.8
1084,82.7,5.0,5.0,21.4,5.06,1.0,Gasabo,172.1
1085,70.5,5.0,4.0,8.1,4.05,1.0,Nyarugenge,139.8
1086,83.5,3.0,3.0,3.9,0.48,2.0,Nyarugenge,177.8
1087,182.0,1.0,1.0,11.1,6.48,1.0,Kicukiro,139.4
1088,131.8,5.0,5.0,5.9,3.96,3.0,Gasabo,236.8
1089,82.2,3.0,3.0,4.3,3.0,2.0,Gasabo,171.1
1090,145.9,5.0,5.0,11.0,12.07,1.0,Musanze,171.8
1091,116.0,5.0,5.0,2.6,1.77,2.0,Nyarugenge,228.9
1093,74.8,2.0,2.0,5.1,5.98,2.0,Huye,98.4
1094,91.9,3.0,2.0,2.6,7.96,2.0,Kicukiro,142.0
1095,88.7,4.0,4.0,4.7,3.07,0.0,Huye,151.1
1096,49.2,3.0,3.0,7.6,9.23,1.0,Huye,97.8
1097,129.5,2.0,2.0,12.2,7.32,3.0,Kicukiro,121.5
1098,127.0,3.0,3.0,13.1,0.34,1.0,Huye,149.9
1099,110.3,5.0,4.0,15.6,0.23,1.0,Gasabo,229.3
1100,96.7,4.0,4.0,12.3,4.85,1.0,Nyarugenge,114.7
1101,50.5,3.0,3.0,10.3,2.13,1.0,Kicukiro,137.4
1102,87.3,2.0,2.0,2.4,1.17,1.0,Musanze,139.3
1103,91.1,3.0,3.0,4.6,4.33,1.0,Huye,106.6
1104,105.7,6.0,5.0,5.8,2.09,1.0,Kicukiro,177.7
1105,100.7,2.0,1.0,0.8,3.85,2.0,Kigali City,123.9
1106,137.4,3.0,3.0,6.8,3.08,0.0,Kigali City,208.6
1107,310.4,5.0,5.0,5.2,4.39,0.0,Nyarugenge,322.0
1108,121.1,4.0,3.0,14.6,2.56,0.0,Gasabo,187.5
1109,126.7,4.0,4.0,34.3,5.98,0.0,Nyarugenge,161.1
1110,105.6,4.0,4.0,7.3,0.99,1.0,Nyarugenge,203.8
1111,38.3,3.0,3.0,3.5,5.96,1.0,Nyarugenge,117.7
1112,108.4,2.0,2.0,0.4,2.65,2.0,Nyarugenge,175.0
1113,113.7,4.0,3.0,23.3,10.37,0.0,Musanze,126.9
1114,426.4,4.0,4.0,22.6,3.62,2.0,Musanze,319.0
1115,99.0,4.0,4.0,2.6,18.08,2.0,Kicukiro,181.7
1116,129.8,5.0,4.0,10.7,4.61,1.0,Kigali City,201.2
1117,107.9,3.0,3.0,0.7,1.27,3.0,Nyarugenge,160.4
1118,57.8,3.0,2.0,1.6,8.62,3.0,Kicukiro,106.8
1119,206.2,4.0,4.0,2.2,2.12,1.0,Kigali City,225.7
1120,166.3,4.0,4.0,3.1,2.14,1.0,Huye,211.6
